Scenario Name,Date,Euro area real GDP growth,Euro area inflation,Euro area bilateral dollar exchange rate (USD/euro),Developing Asia real GDP growth,Developing Asia inflation,"Developing Asia bilateral dollar exchange rate (F/USD, index)",Japan real GDP growth,Japan inflation,Japan bilateral dollar exchange rate (yen/USD),U.K. real GDP growth,U.K. inflation,U.K. bilateral dollar exchange rate (USD/pound)
Supervisory Adverse,2018 Q1,-2.6,0.8,1.133,2.1,1.3,97.0,-1.7,-1.3,110.7,-2.8,1.3,1.319
Supervisory Adverse,2018 Q2,-3.4,0.3,1.113,2.5,0.5,99.8,-4.0,-1.9,109.6,-3.9,0.6,1.304
Supervisory Adverse,2018 Q3,-2.6,-0.1,1.115,3.7,0.1,101.1,-4.9,-2.2,109.6,-3.4,0.3,1.296
Supervisory Adverse,2018 Q4,-1.9,-0.4,1.118,4.4,-0.1,102.1,-5.1,-2.4,109.1,-2.8,0.2,1.287
Supervisory Adverse,2019 Q1,-0.9,-0.6,1.146,5.4,0.1,101.4,-4.0,-1.9,108.6,-1.6,0.4,1.295
Supervisory Adverse,2019 Q2,-0.1,-0.2,1.155,5.9,0.3,100.8,-2.7,-1.5,108.1,-0.4,0.6,1.301
Supervisory Adverse,2019 Q3,0.7,0.1,1.163,6.1,0.6,100.2,-1.6,-1.1,107.7,0.5,0.8,1.307
Supervisory Adverse,2019 Q4,1.3,0.4,1.171,6.1,0.8,99.6,-0.8,-0.7,107.3,1.1,1.0,1.312
Supervisory Adverse,2020 Q1,1.7,0.7,1.174,6.2,0.9,98.9,-0.1,-0.3,107.3,1.7,1.1,1.313
Supervisory Adverse,2020 Q2,2.0,0.9,1.178,6.2,1.1,98.2,0.4,0.0,107.4,2.0,1.2,1.313
Supervisory Adverse,2020 Q3,2.1,1.1,1.181,6.3,1.3,97.7,0.8,0.3,107.5,2.2,1.3,1.314
Supervisory Adverse,2020 Q4,2.1,1.2,1.185,6.3,1.5,97.2,1.0,0.5,107.7,2.3,1.4,1.314
Supervisory Adverse,2021 Q1,2.0,1.3,1.188,6.3,1.7,96.9,1.2,0.7,107.8,2.3,1.5,1.315
