Scenario Name,Date,Euro area real GDP growth,Euro area inflation,Euro area bilateral dollar exchange rate (USD/euro),Developing Asia real GDP growth,Developing Asia inflation,"Developing Asia bilateral dollar exchange rate (F/USD, index)",Japan real GDP growth,Japan inflation,Japan bilateral dollar exchange rate (yen/USD),U.K. real GDP growth,U.K. inflation,U.K. bilateral dollar exchange rate (USD/pound)
Supervisory Baseline,2018 Q1,2.1,1.5,1.201,6.0,2.5,91.5,1.5,0.9,112.7,1.4,2.6,1.350
Supervisory Baseline,2018 Q2,2.1,1.5,1.199,6.0,2.5,92.0,1.4,1.0,112.8,1.4,2.5,1.347
Supervisory Baseline,2018 Q3,2.0,1.6,1.198,6.0,2.5,92.5,1.2,1.0,112.8,1.4,2.4,1.344
Supervisory Baseline,2018 Q4,2.0,1.6,1.197,5.9,2.6,93.0,1.1,1.1,112.8,1.4,2.3,1.341
Supervisory Baseline,2019 Q1,1.9,1.6,1.202,5.8,2.7,93.2,1.1,1.2,112.6,1.4,2.2,1.344
Supervisory Baseline,2019 Q2,1.9,1.6,1.208,5.8,2.8,93.5,1.0,1.2,112.3,1.4,2.1,1.347
Supervisory Baseline,2019 Q3,1.8,1.7,1.213,5.7,2.9,93.7,1.0,1.3,112.0,1.4,2.1,1.351
Supervisory Baseline,2019 Q4,1.8,1.7,1.219,5.8,2.8,94.0,0.9,1.4,111.8,1.4,2.0,1.354
Supervisory Baseline,2020 Q1,1.8,1.8,1.219,5.8,2.8,94.0,0.8,1.4,111.8,1.5,2.0,1.354
Supervisory Baseline,2020 Q2,1.7,1.8,1.219,5.9,2.7,94.0,0.8,1.5,111.8,1.5,1.9,1.354
Supervisory Baseline,2020 Q3,1.7,1.9,1.219,5.9,2.7,94.0,0.8,1.5,111.8,1.5,1.9,1.354
Supervisory Baseline,2020 Q4,1.7,1.9,1.219,5.8,2.7,94.0,0.8,1.6,111.8,1.5,1.9,1.354
Supervisory Baseline,2021 Q1,1.6,1.9,1.219,5.7,2.8,94.0,0.8,1.6,111.8,1.6,1.9,1.354
