Scenario Name,Date,Euro area real GDP growth,Euro area inflation,Euro area bilateral dollar exchange rate (USD/euro),Developing Asia real GDP growth,Developing Asia inflation,"Developing Asia bilateral dollar exchange rate (F/USD, index)",Japan real GDP growth,Japan inflation,Japan bilateral dollar exchange rate (yen/USD),U.K. real GDP growth,U.K. inflation,U.K. bilateral dollar exchange rate (USD/pound)
Supervisory Severely Adverse,2018 Q1,-4.0,0.1,1.123,-1.5,0.3,99.5,-3.8,-2.6,108.6,-3.5,0.6,1.316
Supervisory Severely Adverse,2018 Q2,-5.2,-0.7,1.097,-0.8,-1.0,103.5,-7.4,-3.7,106.4,-5.1,-0.2,1.296
Supervisory Severely Adverse,2018 Q3,-4.3,-1.1,1.084,1.5,-1.7,105.9,-9.9,-5.0,103.4,-4.8,-0.7,1.284
Supervisory Severely Adverse,2018 Q4,-3.3,-1.2,1.071,2.9,-2.2,107.5,-11.4,-5.8,100.9,-4.1,-0.9,1.271
Supervisory Severely Adverse,2019 Q1,-1.6,-0.8,1.081,4.9,-2.1,106.3,-9.8,-5.2,100.5,-2.8,-0.6,1.278
Supervisory Severely Adverse,2019 Q2,-0.1,-0.5,1.091,5.9,-1.8,105.0,-7.3,-4.5,100.0,-1.4,-0.3,1.284
Supervisory Severely Adverse,2019 Q3,1.0,-0.1,1.101,6.2,-1.4,103.7,-5.0,-3.7,99.6,-0.2,0.1,1.290
Supervisory Severely Adverse,2019 Q4,1.7,0.3,1.111,6.2,-1.0,102.5,-3.2,-3.0,99.3,0.8,0.4,1.295
Supervisory Severely Adverse,2020 Q1,2.1,0.6,1.116,6.3,-0.6,101.1,-1.7,-2.3,99.3,1.5,0.7,1.295
Supervisory Severely Adverse,2020 Q2,2.4,0.8,1.121,6.4,-0.3,100.0,-0.5,-1.7,99.4,2.1,1.0,1.294
Supervisory Severely Adverse,2020 Q3,2.4,1.0,1.127,6.5,0.0,98.9,0.3,-1.2,99.6,2.4,1.2,1.294
Supervisory Severely Adverse,2020 Q4,2.4,1.1,1.132,6.5,0.4,98.1,0.9,-0.7,99.9,2.6,1.3,1.293
Supervisory Severely Adverse,2021 Q1,2.3,1.2,1.136,6.6,0.8,97.4,1.3,-0.3,100.1,2.6,1.4,1.293
